experiment_id,claim,dataset,method,metric,value,run_id,provenance
signal,C1,G1-linked(synthetic),synapse,bytes_first_half,48.4,signal_20260620_152728,pre-registered
signal,C1,G1-linked(synthetic),synapse,bytes_second_half,37.2,signal_20260620_152728,pre-registered
signal,C1,negative(synthetic),synapse,bytes_first_half,54.67,signal_20260620_152728,pre-registered
signal,C1,negative(synthetic),synapse,bytes_second_half,70.0,signal_20260620_152728,pre-registered
signal,C1,G1-linked(synthetic),synapse,hit_rate,0.9,signal_20260620_152728,pre-registered
signal,C1,negative(synthetic),synapse,hit_rate,0.167,signal_20260620_152728,pre-registered
m7,memory-reuse,G-linked(synthetic),g1,mean_nontext_bytes,52.0,m7_20260620_214354,pre-registered
m7,memory-reuse,G-linked(synthetic),g1,hit_rate,0.8,m7_20260620_214354,pre-registered
m7,memory-reuse,G-linked(synthetic),g2,mean_nontext_bytes,49.6,m7_20260620_214354,pre-registered
m7,memory-reuse,G-linked(synthetic),g2,hit_rate,1.0,m7_20260620_214354,pre-registered
coqa,memory-reuse,CoQA(real),text,llm_total_tokens,20224,coqa_20260621_111342,post-hoc
coqa,memory-reuse,CoQA(real),text,f1,0.7333,coqa_20260621_111342,post-hoc
coqa,memory-reuse,CoQA(real),text,hit_rate,0.0,coqa_20260621_111342,post-hoc
coqa,memory-reuse,CoQA(real),synapse,llm_total_tokens,18558,coqa_20260621_111342,post-hoc
coqa,memory-reuse,CoQA(real),synapse,f1,0.7477,coqa_20260621_111342,post-hoc
coqa,memory-reuse,CoQA(real),synapse,hit_rate,0.921,coqa_20260621_111342,post-hoc
coqa,memory-reuse,CoQA(real),synapse,token_saved_pct,8.24,coqa_20260621_111342,post-hoc
hotpot-k3-single,comm-efficiency,HotpotQA(real),synapse,token_saved_pct,73.77,hotpot_stats_20260621_182630,post-hoc
hotpot-k3-single,comm-efficiency,HotpotQA(real),synapse,token_saved_std,0.01,hotpot_stats_20260621_182630,post-hoc
hotpot-k3-single,comm-efficiency,HotpotQA(real),text,f1,0.6961,hotpot_stats_20260621_182630,post-hoc
hotpot-k3-single,comm-efficiency,HotpotQA(real),synapse,f1,0.5843,hotpot_stats_20260621_182630,post-hoc
hotpot-k3-single,comm-efficiency,HotpotQA(real),synapse,paired_dF1,-0.1118,hotpot_stats_20260621_182630,post-hoc
hotpot-k3-single,comm-efficiency,HotpotQA(real),synapse,dF1_ci_lo,-0.1726,hotpot_stats_20260621_182630,post-hoc
hotpot-k3-single,comm-efficiency,HotpotQA(real),synapse,dF1_ci_hi,-0.0537,hotpot_stats_20260621_182630,post-hoc
hotpot-k3-single,comm-efficiency,HotpotQA(real),synapse,gold_recall,0.78,hotpot_stats_20260621_182630,post-hoc
hotpot-single-N50,comm-efficiency,hotpot(real),single-k3,token_saved_pct,73.76,hotpot_ksweep_20260621_183504,post-hoc
hotpot-single-N50,comm-efficiency,hotpot(real),single-k3,gold_recall,0.78,hotpot_ksweep_20260621_183504,post-hoc
hotpot-single-N50,comm-efficiency,hotpot(real),single-k3,paired_dF1,-0.12,hotpot_ksweep_20260621_183504,post-hoc
hotpot-single-N50,comm-efficiency,hotpot(real),single-k3,dF1_ci_lo,-0.2289,hotpot_ksweep_20260621_183504,post-hoc
hotpot-single-N50,comm-efficiency,hotpot(real),single-k3,dF1_ci_hi,-0.0099,hotpot_ksweep_20260621_183504,post-hoc
hotpot-single-N50,comm-efficiency,hotpot(real),single-k4,token_saved_pct,65.41,hotpot_ksweep_20260621_183504,post-hoc
hotpot-single-N50,comm-efficiency,hotpot(real),single-k4,gold_recall,0.82,hotpot_ksweep_20260621_183504,post-hoc
hotpot-single-N50,comm-efficiency,hotpot(real),single-k4,paired_dF1,-0.0968,hotpot_ksweep_20260621_183504,post-hoc
hotpot-single-N50,comm-efficiency,hotpot(real),single-k4,dF1_ci_lo,-0.2068,hotpot_ksweep_20260621_183504,post-hoc
hotpot-single-N50,comm-efficiency,hotpot(real),single-k4,dF1_ci_hi,0.0131,hotpot_ksweep_20260621_183504,post-hoc
hotpot-single-N50,comm-efficiency,hotpot(real),single-k5,token_saved_pct,56.64,hotpot_ksweep_20260621_183504,post-hoc
hotpot-single-N50,comm-efficiency,hotpot(real),single-k5,gold_recall,0.84,hotpot_ksweep_20260621_183504,post-hoc
hotpot-single-N50,comm-efficiency,hotpot(real),single-k5,paired_dF1,-0.0729,hotpot_ksweep_20260621_183504,post-hoc
hotpot-single-N50,comm-efficiency,hotpot(real),single-k5,dF1_ci_lo,-0.1764,hotpot_ksweep_20260621_183504,post-hoc
hotpot-single-N50,comm-efficiency,hotpot(real),single-k5,dF1_ci_hi,0.0359,hotpot_ksweep_20260621_183504,post-hoc
hotpot-single-N50,comm-efficiency,hotpot(real),single-k6,token_saved_pct,46.88,hotpot_ksweep_20260621_183504,post-hoc
hotpot-single-N50,comm-efficiency,hotpot(real),single-k6,gold_recall,0.91,hotpot_ksweep_20260621_183504,post-hoc
hotpot-single-N50,comm-efficiency,hotpot(real),single-k6,paired_dF1,-0.0432,hotpot_ksweep_20260621_183504,post-hoc
hotpot-single-N50,comm-efficiency,hotpot(real),single-k6,dF1_ci_lo,-0.1428,hotpot_ksweep_20260621_183504,post-hoc
hotpot-single-N50,comm-efficiency,hotpot(real),single-k6,dF1_ci_hi,0.0604,hotpot_ksweep_20260621_183504,post-hoc
hotpot-single-N50,comm-efficiency,hotpot(real),single-k8,token_saved_pct,24.92,hotpot_ksweep_20260621_183504,post-hoc
hotpot-single-N50,comm-efficiency,hotpot(real),single-k8,gold_recall,0.96,hotpot_ksweep_20260621_183504,post-hoc
hotpot-single-N50,comm-efficiency,hotpot(real),single-k8,paired_dF1,-0.0459,hotpot_ksweep_20260621_183504,post-hoc
hotpot-single-N50,comm-efficiency,hotpot(real),single-k8,dF1_ci_lo,-0.134,hotpot_ksweep_20260621_183504,post-hoc
hotpot-single-N50,comm-efficiency,hotpot(real),single-k8,dF1_ci_hi,0.0433,hotpot_ksweep_20260621_183504,post-hoc
hotpot-twohop-N50,comm-efficiency,hotpot(real),twohop-k3,token_saved_pct,72.15,hotpot_ksweep_20260621_185254,post-hoc
hotpot-twohop-N50,comm-efficiency,hotpot(real),twohop-k3,gold_recall,0.75,hotpot_ksweep_20260621_185254,post-hoc
hotpot-twohop-N50,comm-efficiency,hotpot(real),twohop-k3,paired_dF1,-0.1215,hotpot_ksweep_20260621_185254,post-hoc
hotpot-twohop-N50,comm-efficiency,hotpot(real),twohop-k3,dF1_ci_lo,-0.2381,hotpot_ksweep_20260621_185254,post-hoc
hotpot-twohop-N50,comm-efficiency,hotpot(real),twohop-k3,dF1_ci_hi,-0.0029,hotpot_ksweep_20260621_185254,post-hoc
hotpot-twohop-N50,comm-efficiency,hotpot(real),twohop-k4,token_saved_pct,63.09,hotpot_ksweep_20260621_185254,post-hoc
hotpot-twohop-N50,comm-efficiency,hotpot(real),twohop-k4,gold_recall,0.85,hotpot_ksweep_20260621_185254,post-hoc
hotpot-twohop-N50,comm-efficiency,hotpot(real),twohop-k4,paired_dF1,-0.0688,hotpot_ksweep_20260621_185254,post-hoc
hotpot-twohop-N50,comm-efficiency,hotpot(real),twohop-k4,dF1_ci_lo,-0.1882,hotpot_ksweep_20260621_185254,post-hoc
hotpot-twohop-N50,comm-efficiency,hotpot(real),twohop-k4,dF1_ci_hi,0.0497,hotpot_ksweep_20260621_185254,post-hoc
hotpot-twohop-N50,comm-efficiency,hotpot(real),twohop-k5,token_saved_pct,54.24,hotpot_ksweep_20260621_185254,post-hoc
hotpot-twohop-N50,comm-efficiency,hotpot(real),twohop-k5,gold_recall,0.86,hotpot_ksweep_20260621_185254,post-hoc
hotpot-twohop-N50,comm-efficiency,hotpot(real),twohop-k5,paired_dF1,-0.0718,hotpot_ksweep_20260621_185254,post-hoc
hotpot-twohop-N50,comm-efficiency,hotpot(real),twohop-k5,dF1_ci_lo,-0.1761,hotpot_ksweep_20260621_185254,post-hoc
hotpot-twohop-N50,comm-efficiency,hotpot(real),twohop-k5,dF1_ci_hi,0.0354,hotpot_ksweep_20260621_185254,post-hoc
hotpot-twohop-N50,comm-efficiency,hotpot(real),twohop-k6,token_saved_pct,43.93,hotpot_ksweep_20260621_185254,post-hoc
hotpot-twohop-N50,comm-efficiency,hotpot(real),twohop-k6,gold_recall,0.9,hotpot_ksweep_20260621_185254,post-hoc
hotpot-twohop-N50,comm-efficiency,hotpot(real),twohop-k6,paired_dF1,-0.0711,hotpot_ksweep_20260621_185254,post-hoc
hotpot-twohop-N50,comm-efficiency,hotpot(real),twohop-k6,dF1_ci_lo,-0.1754,hotpot_ksweep_20260621_185254,post-hoc
hotpot-twohop-N50,comm-efficiency,hotpot(real),twohop-k6,dF1_ci_hi,0.0317,hotpot_ksweep_20260621_185254,post-hoc
hotpot-bridge-N50,comm-efficiency,hotpot(real),bridge-k3,token_saved_pct,73.51,hotpot_ksweep_20260621_190107,post-hoc
hotpot-bridge-N50,comm-efficiency,hotpot(real),bridge-k3,gold_recall,0.86,hotpot_ksweep_20260621_190107,post-hoc
hotpot-bridge-N50,comm-efficiency,hotpot(real),bridge-k3,paired_dF1,-0.0537,hotpot_ksweep_20260621_190107,post-hoc
hotpot-bridge-N50,comm-efficiency,hotpot(real),bridge-k3,dF1_ci_lo,-0.1551,hotpot_ksweep_20260621_190107,post-hoc
hotpot-bridge-N50,comm-efficiency,hotpot(real),bridge-k3,dF1_ci_hi,0.0507,hotpot_ksweep_20260621_190107,post-hoc
hotpot-bridge-N50,comm-efficiency,hotpot(real),bridge-k4,token_saved_pct,65.18,hotpot_ksweep_20260621_190107,post-hoc
hotpot-bridge-N50,comm-efficiency,hotpot(real),bridge-k4,gold_recall,0.91,hotpot_ksweep_20260621_190107,post-hoc
hotpot-bridge-N50,comm-efficiency,hotpot(real),bridge-k4,paired_dF1,-0.0616,hotpot_ksweep_20260621_190107,post-hoc
hotpot-bridge-N50,comm-efficiency,hotpot(real),bridge-k4,dF1_ci_lo,-0.1596,hotpot_ksweep_20260621_190107,post-hoc
hotpot-bridge-N50,comm-efficiency,hotpot(real),bridge-k4,dF1_ci_hi,0.0404,hotpot_ksweep_20260621_190107,post-hoc
hotpot-bridge-N50,comm-efficiency,hotpot(real),bridge-k5,token_saved_pct,56.58,hotpot_ksweep_20260621_190107,post-hoc
hotpot-bridge-N50,comm-efficiency,hotpot(real),bridge-k5,gold_recall,0.91,hotpot_ksweep_20260621_190107,post-hoc
hotpot-bridge-N50,comm-efficiency,hotpot(real),bridge-k5,paired_dF1,-0.0479,hotpot_ksweep_20260621_190107,post-hoc
hotpot-bridge-N50,comm-efficiency,hotpot(real),bridge-k5,dF1_ci_lo,-0.1442,hotpot_ksweep_20260621_190107,post-hoc
hotpot-bridge-N50,comm-efficiency,hotpot(real),bridge-k5,dF1_ci_hi,0.0507,hotpot_ksweep_20260621_190107,post-hoc
hotpot-bridge-N50,comm-efficiency,hotpot(real),bridge-k6,token_saved_pct,47.17,hotpot_ksweep_20260621_190107,post-hoc
hotpot-bridge-N50,comm-efficiency,hotpot(real),bridge-k6,gold_recall,0.97,hotpot_ksweep_20260621_190107,post-hoc
hotpot-bridge-N50,comm-efficiency,hotpot(real),bridge-k6,paired_dF1,-0.0508,hotpot_ksweep_20260621_190107,post-hoc
hotpot-bridge-N50,comm-efficiency,hotpot(real),bridge-k6,dF1_ci_lo,-0.1489,hotpot_ksweep_20260621_190107,post-hoc
hotpot-bridge-N50,comm-efficiency,hotpot(real),bridge-k6,dF1_ci_hi,0.0505,hotpot_ksweep_20260621_190107,post-hoc
hotpot-bridge-N200,comm-efficiency,hotpot(real),bridge-k3,token_saved_pct,71.82,hotpot_ksweep_20260621_231046,post-hoc
hotpot-bridge-N200,comm-efficiency,hotpot(real),bridge-k3,gold_recall,0.838,hotpot_ksweep_20260621_231046,post-hoc
hotpot-bridge-N200,comm-efficiency,hotpot(real),bridge-k3,paired_dF1,-0.0385,hotpot_ksweep_20260621_231046,post-hoc
hotpot-bridge-N200,comm-efficiency,hotpot(real),bridge-k3,dF1_ci_lo,-0.0978,hotpot_ksweep_20260621_231046,post-hoc
hotpot-bridge-N200,comm-efficiency,hotpot(real),bridge-k3,dF1_ci_hi,0.0193,hotpot_ksweep_20260621_231046,post-hoc
EC1-signal-seeds,C1,"G1-linked(synthetic,real-emb)",synapse,linked_drop_pct,12.3667,signal_seeds_20260622_111524,pre-registered
EC1-signal-seeds,C1,"G1-linked(synthetic,real-emb)",synapse,neg_drop_pct,0.8333,signal_seeds_20260622_111524,pre-registered
EC1-signal-seeds,C1,"G1-linked(synthetic,real-emb)",synapse,linked_second_bytes,1792.2667,signal_seeds_20260622_111524,pre-registered
EC1-signal-seeds,C1,"G1-linked(synthetic,real-emb)",synapse,neg_second_bytes,3794.3333,signal_seeds_20260622_111524,pre-registered
EC1-signal-seeds,C1,"G1-linked(synthetic,real-emb)",synapse,linked_hit,0.875,signal_seeds_20260622_111524,pre-registered
EC1-signal-seeds,C1,"G1-linked(synthetic,real-emb)",synapse,neg_hit,0.167,signal_seeds_20260622_111524,pre-registered
EC1-signal-seeds,C1,"G1-linked(synthetic,real-emb)",synapse,n_consistent,3,signal_seeds_20260622_111524,pre-registered
